grupo,n,RMSE,MAE
viudo,93,1.4441657951275964,0.8782775428017211
divorciado,228,1.4777525691335054,0.9229920458709165
soltero,532,1.506881083591456,0.9561903048835544
casado,1357,1.5129815599107392,0.9879880526003155
