grupo,n,RMSE,MAE
fiduciaria_prendas,147,0.2838744140516694,0.21341454059610124
prendas,61,0.2948614054869069,0.2254388260893643
hipotecaria,466,0.4225451786968261,0.2820809930489389
fiduciaria_bienes_inmuebles,58,0.4351561060244793,0.3444658855262727
autoliquidable,144,0.49696021574914856,0.3942063542058726
fiduciaria,1334,1.7383634223170914,1.2594182640793967
