grupo,n,RMSE,MAE
privada,142,0.5838182369254574,0.4565500754737453
premier,661,1.1182799827076422,0.7096728159410844
optima,1407,1.5321962201213641,0.9946398771951951
