grupo,n,RMSE,MAE
masculino,1139,1.4787048303873689,0.9486533148084006
femenino,1071,1.5326179290931254,0.9906619065817366
