mejor_modelo,val_RMSE,val_MAE,val_R2
HGBR,1.5050731403053728,0.9690113246677864,0.8879938872278307
